{
  "timestamp": 1755041728.3548222,
  "success_tiles": 9,
  "total_tiles": 9,
  "iso_time": "2025-08-12T23:35:28.354822"
}