{
  "timestamp": 1755128747.3102567,
  "success_tiles": 9,
  "total_tiles": 9,
  "iso_time": "2025-08-13T23:45:47.310257"
}