{
  "timestamp": 1755026913.6504896,
  "success_tiles": 9,
  "total_tiles": 9,
  "iso_time": "2025-08-12T19:28:33.650490"
}