{
  "timestamp": 1755116387.2074804,
  "success_tiles": 9,
  "total_tiles": 9,
  "iso_time": "2025-08-13T20:19:47.207480"
}