{
  "timestamp": 1755035827.0209937,
  "success_tiles": 9,
  "total_tiles": 9,
  "iso_time": "2025-08-12T21:57:07.020994"
}