{
  "timestamp": 1755097819.4860332,
  "success_tiles": 9,
  "total_tiles": 9,
  "iso_time": "2025-08-13T15:10:19.486033"
}