{
  "timestamp": 1755120724.1038587,
  "success_tiles": 9,
  "total_tiles": 9,
  "iso_time": "2025-08-13T21:32:04.103859"
}