{
  "timestamp": 1755005603.7361317,
  "success_tiles": 9,
  "total_tiles": 9,
  "iso_time": "2025-08-12T13:33:23.736132"
}