{
  "timestamp": 1755078346.569002,
  "success_tiles": 9,
  "total_tiles": 9,
  "iso_time": "2025-08-13T09:45:46.569002"
}