{
  "timestamp": 1755013478.1128707,
  "success_tiles": 9,
  "total_tiles": 9,
  "iso_time": "2025-08-12T15:44:38.112871"
}