{
  "timestamp": 1755104103.9246845,
  "success_tiles": 9,
  "total_tiles": 9,
  "iso_time": "2025-08-13T16:55:03.924685"
}