{
  "timestamp": 1755105403.776147,
  "success_tiles": 9,
  "total_tiles": 9,
  "iso_time": "2025-08-13T17:16:43.776147"
}