{
  "timestamp": 1755107749.1279867,
  "success_tiles": 9,
  "total_tiles": 9,
  "iso_time": "2025-08-13T17:55:49.127987"
}