{
  "timestamp": 1755127910.8643677,
  "success_tiles": 9,
  "total_tiles": 9,
  "iso_time": "2025-08-13T23:31:50.864368"
}