{
  "timestamp": 1755075339.9753392,
  "success_tiles": 9,
  "total_tiles": 9,
  "iso_time": "2025-08-13T08:55:39.975339"
}