{
  "timestamp": 1755063034.0655973,
  "success_tiles": 9,
  "total_tiles": 9,
  "iso_time": "2025-08-13T05:30:34.065597"
}