{
  "timestamp": 1755124797.86701,
  "success_tiles": 2,
  "total_tiles": 9,
  "iso_time": "2025-08-13T22:39:57.867010"
}