{
  "timestamp": 1755121499.5043511,
  "success_tiles": 9,
  "total_tiles": 9,
  "iso_time": "2025-08-13T21:44:59.504351"
}