{
  "timestamp": 1755060171.4875407,
  "success_tiles": 9,
  "total_tiles": 9,
  "iso_time": "2025-08-13T04:42:51.487541"
}