{
  "timestamp": 1755125473.3003848,
  "success_tiles": 9,
  "total_tiles": 9,
  "iso_time": "2025-08-13T22:51:13.300385"
}