{
  "timestamp": 1755051474.353433,
  "success_tiles": 9,
  "total_tiles": 9,
  "iso_time": "2025-08-13T02:17:54.353433"
}