{
  "timestamp": 1755039253.2721496,
  "success_tiles": 9,
  "total_tiles": 9,
  "iso_time": "2025-08-12T22:54:13.272150"
}