{
  "timestamp": 1755009708.0578268,
  "success_tiles": 9,
  "total_tiles": 9,
  "iso_time": "2025-08-12T14:41:48.057827"
}