{
  "timestamp": 1755035185.515018,
  "success_tiles": 9,
  "total_tiles": 9,
  "iso_time": "2025-08-12T21:46:25.515018"
}