{
  "timestamp": 1755099100.3751123,
  "success_tiles": 9,
  "total_tiles": 9,
  "iso_time": "2025-08-13T15:31:40.375112"
}