{
  "timestamp": 1755111277.7856069,
  "success_tiles": 9,
  "total_tiles": 9,
  "iso_time": "2025-08-13T18:54:37.785607"
}