{
  "timestamp": 1755107110.922876,
  "success_tiles": 9,
  "total_tiles": 9,
  "iso_time": "2025-08-13T17:45:10.922876"
}