{
  "timestamp": 1755064094.2060976,
  "success_tiles": 9,
  "total_tiles": 9,
  "iso_time": "2025-08-13T05:48:14.206098"
}