{
  "timestamp": 1755031977.0118096,
  "success_tiles": 9,
  "total_tiles": 9,
  "iso_time": "2025-08-12T20:52:57.011810"
}