{
  "timestamp": 1755071743.141242,
  "success_tiles": 9,
  "total_tiles": 9,
  "iso_time": "2025-08-13T07:55:43.141242"
}