{
  "timestamp": 1755029933.5464046,
  "success_tiles": 9,
  "total_tiles": 9,
  "iso_time": "2025-08-12T20:18:53.546405"
}