{
  "timestamp": 1755042444.4890199,
  "success_tiles": 9,
  "total_tiles": 9,
  "iso_time": "2025-08-12T23:47:24.489020"
}