{
  "timestamp": 1755090695.9254277,
  "success_tiles": 9,
  "total_tiles": 9,
  "iso_time": "2025-08-13T13:11:35.925428"
}