{
  "timestamp": 1755084307.4464028,
  "success_tiles": 9,
  "total_tiles": 9,
  "iso_time": "2025-08-13T11:25:07.446403"
}