{
  "timestamp": 1755118319.9557986,
  "success_tiles": 9,
  "total_tiles": 9,
  "iso_time": "2025-08-13T20:51:59.955799"
}