{
  "timestamp": 1755112560.162606,
  "success_tiles": 9,
  "total_tiles": 9,
  "iso_time": "2025-08-13T19:16:00.162606"
}