{
  "timestamp": 1755088023.730998,
  "success_tiles": 9,
  "total_tiles": 9,
  "iso_time": "2025-08-13T12:27:03.730998"
}