{
  "timestamp": 1755114172.1573749,
  "success_tiles": 9,
  "total_tiles": 9,
  "iso_time": "2025-08-13T19:42:52.157375"
}