{
  "timestamp": 1755123721.3965118,
  "success_tiles": 8,
  "total_tiles": 9,
  "iso_time": "2025-08-13T22:22:01.396512"
}