{
  "timestamp": 1755100481.6035137,
  "success_tiles": 9,
  "total_tiles": 9,
  "iso_time": "2025-08-13T15:54:41.603514"
}