{
  "timestamp": 1755099810.1579463,
  "success_tiles": 9,
  "total_tiles": 9,
  "iso_time": "2025-08-13T15:43:30.157946"
}