{
  "timestamp": 1755129408.4436722,
  "success_tiles": 9,
  "total_tiles": 9,
  "iso_time": "2025-08-13T23:56:48.443672"
}