{
  "timestamp": 1755056140.0100405,
  "success_tiles": 9,
  "total_tiles": 9,
  "iso_time": "2025-08-13T03:35:40.010041"
}