{
  "timestamp": 1755017706.9703982,
  "success_tiles": 9,
  "total_tiles": 9,
  "iso_time": "2025-08-12T16:55:06.970398"
}