{
  "timestamp": 1754992846.9971213,
  "success_tiles": 9,
  "total_tiles": 9,
  "iso_time": "2025-08-12T10:00:46.997121"
}