{
  "timestamp": 1755012274.6701386,
  "success_tiles": 9,
  "total_tiles": 9,
  "iso_time": "2025-08-12T15:24:34.670139"
}