{
  "timestamp": 1755085909.2315614,
  "success_tiles": 9,
  "total_tiles": 9,
  "iso_time": "2025-08-13T11:51:49.231561"
}