{
  "timestamp": 1755114830.55283,
  "success_tiles": 9,
  "total_tiles": 9,
  "iso_time": "2025-08-13T19:53:50.552830"
}