{
  "timestamp": 1755043116.3126962,
  "success_tiles": 9,
  "total_tiles": 9,
  "iso_time": "2025-08-12T23:58:36.312696"
}