{
  "timestamp": 1755095498.6588683,
  "success_tiles": 9,
  "total_tiles": 9,
  "iso_time": "2025-08-13T14:31:38.658868"
}