{
  "timestamp": 1755082137.0047445,
  "success_tiles": 9,
  "total_tiles": 9,
  "iso_time": "2025-08-13T10:48:57.004745"
}