{
  "timestamp": 1755122163.0919979,
  "success_tiles": 9,
  "total_tiles": 9,
  "iso_time": "2025-08-13T21:56:03.091998"
}