{
  "timestamp": 1754998453.9304225,
  "success_tiles": 9,
  "total_tiles": 9,
  "iso_time": "2025-08-12T11:34:13.930423"
}