{
  "timestamp": 1755031192.572711,
  "success_tiles": 9,
  "total_tiles": 9,
  "iso_time": "2025-08-12T20:39:52.572711"
}