{
  "timestamp": 1755025910.0773802,
  "success_tiles": 9,
  "total_tiles": 9,
  "iso_time": "2025-08-12T19:11:50.077380"
}