{
  "timestamp": 1755117562.4892964,
  "success_tiles": 9,
  "total_tiles": 9,
  "iso_time": "2025-08-13T20:39:22.489296"
}