{
  "timestamp": 1755077160.6603591,
  "success_tiles": 9,
  "total_tiles": 9,
  "iso_time": "2025-08-13T09:26:00.660359"
}