{
  "timestamp": 1754997537.7928057,
  "success_tiles": 9,
  "total_tiles": 9,
  "iso_time": "2025-08-12T11:18:57.792806"
}