{
  "timestamp": 1755071083.8818603,
  "success_tiles": 9,
  "total_tiles": 9,
  "iso_time": "2025-08-13T07:44:43.881860"
}