{
  "timestamp": 1755064745.9796875,
  "success_tiles": 9,
  "total_tiles": 9,
  "iso_time": "2025-08-13T05:59:05.979687"
}