{
  "timestamp": 1755038587.4771667,
  "success_tiles": 9,
  "total_tiles": 9,
  "iso_time": "2025-08-12T22:43:07.477167"
}