{
  "timestamp": 1755102100.6650016,
  "success_tiles": 9,
  "total_tiles": 9,
  "iso_time": "2025-08-13T16:21:40.665002"
}