{
  "timestamp": 1755070143.1667013,
  "success_tiles": 9,
  "total_tiles": 9,
  "iso_time": "2025-08-13T07:29:03.166701"
}