{
  "timestamp": 1755126684.0815434,
  "success_tiles": 9,
  "total_tiles": 9,
  "iso_time": "2025-08-13T23:11:24.081543"
}