{
  "timestamp": 1754999819.940854,
  "success_tiles": 9,
  "total_tiles": 9,
  "iso_time": "2025-08-12T11:56:59.940854"
}