{
  "timestamp": 1754995368.9175715,
  "success_tiles": 9,
  "total_tiles": 9,
  "iso_time": "2025-08-12T10:42:48.917572"
}