{
  "timestamp": 1755006815.1987674,
  "success_tiles": 9,
  "total_tiles": 9,
  "iso_time": "2025-08-12T13:53:35.198767"
}