{
  "timestamp": 1755027728.765537,
  "success_tiles": 9,
  "total_tiles": 9,
  "iso_time": "2025-08-12T19:42:08.765537"
}