{
  "timestamp": 1755008257.1030452,
  "success_tiles": 9,
  "total_tiles": 9,
  "iso_time": "2025-08-12T14:17:37.103045"
}