{
  "timestamp": 1755021176.0499663,
  "success_tiles": 9,
  "total_tiles": 9,
  "iso_time": "2025-08-12T17:52:56.049966"
}