{
  "timestamp": 1755014235.1501713,
  "success_tiles": 9,
  "total_tiles": 9,
  "iso_time": "2025-08-12T15:57:15.150171"
}