{
  "timestamp": 1754999164.7129261,
  "success_tiles": 9,
  "total_tiles": 9,
  "iso_time": "2025-08-12T11:46:04.712926"
}