{
  "timestamp": 1755034426.1131604,
  "success_tiles": 9,
  "total_tiles": 9,
  "iso_time": "2025-08-12T21:33:46.113160"
}