{
  "timestamp": 1755016457.7601743,
  "success_tiles": 9,
  "total_tiles": 9,
  "iso_time": "2025-08-12T16:34:17.760174"
}