{
  "timestamp": 1755068372.7923453,
  "success_tiles": 9,
  "total_tiles": 9,
  "iso_time": "2025-08-13T06:59:32.792345"
}