{
  "timestamp": 1755106427.9407725,
  "success_tiles": 9,
  "total_tiles": 9,
  "iso_time": "2025-08-13T17:33:47.940773"
}