{
  "timestamp": 1755082790.9437578,
  "success_tiles": 9,
  "total_tiles": 9,
  "iso_time": "2025-08-13T10:59:50.943758"
}