{
  "timestamp": 1754993777.103073,
  "success_tiles": 9,
  "total_tiles": 9,
  "iso_time": "2025-08-12T10:16:17.103073"
}