{
  "timestamp": 1755085245.9457455,
  "success_tiles": 9,
  "total_tiles": 9,
  "iso_time": "2025-08-13T11:40:45.945745"
}