{
  "timestamp": 1755023035.0197701,
  "success_tiles": 9,
  "total_tiles": 9,
  "iso_time": "2025-08-12T18:23:55.019770"
}