{
  "timestamp": 1755067312.093664,
  "success_tiles": 9,
  "total_tiles": 9,
  "iso_time": "2025-08-13T06:41:52.093664"
}