{
  "timestamp": 1755113432.7397041,
  "success_tiles": 9,
  "total_tiles": 9,
  "iso_time": "2025-08-13T19:30:32.739704"
}