{
  "timestamp": 1755103390.1082137,
  "success_tiles": 9,
  "total_tiles": 9,
  "iso_time": "2025-08-13T16:43:10.108214"
}