{
  "timestamp": 1755093648.1766684,
  "success_tiles": 9,
  "total_tiles": 9,
  "iso_time": "2025-08-13T14:00:48.176668"
}