{
  "timestamp": 1754992649.7299051,
  "success_tiles": 9,
  "total_tiles": 9,
  "iso_time": "2025-08-12T09:57:29.729905"
}