{
  "timestamp": 1755079004.7225907,
  "success_tiles": 9,
  "total_tiles": 9,
  "iso_time": "2025-08-13T09:56:44.722591"
}