{
  "timestamp": 1755020452.1567817,
  "success_tiles": 9,
  "total_tiles": 9,
  "iso_time": "2025-08-12T17:40:52.156782"
}