{
  "timestamp": 1755080896.3032072,
  "success_tiles": 9,
  "total_tiles": 9,
  "iso_time": "2025-08-13T10:28:16.303207"
}