{
  "timestamp": 1755061202.700926,
  "success_tiles": 9,
  "total_tiles": 9,
  "iso_time": "2025-08-13T05:00:02.700926"
}