{
  "timestamp": 1755040691.0930712,
  "success_tiles": 9,
  "total_tiles": 9,
  "iso_time": "2025-08-12T23:18:11.093071"
}