{
  "timestamp": 1755073882.4118123,
  "success_tiles": 9,
  "total_tiles": 9,
  "iso_time": "2025-08-13T08:31:22.411812"
}