{
  "timestamp": 1755028391.977884,
  "success_tiles": 9,
  "total_tiles": 9,
  "iso_time": "2025-08-12T19:53:11.977884"
}