{
  "timestamp": 1754996117.8862786,
  "success_tiles": 9,
  "total_tiles": 9,
  "iso_time": "2025-08-12T10:55:17.886279"
}