{
  "timestamp": 1755119561.3299265,
  "success_tiles": 9,
  "total_tiles": 9,
  "iso_time": "2025-08-13T21:12:41.329926"
}