{
  "timestamp": 1755033289.0311491,
  "success_tiles": 9,
  "total_tiles": 9,
  "iso_time": "2025-08-12T21:14:49.031149"
}