{
  "timestamp": 1755096681.874847,
  "success_tiles": 9,
  "total_tiles": 9,
  "iso_time": "2025-08-13T14:51:21.874847"
}