{
  "timestamp": 1755010525.6719432,
  "success_tiles": 9,
  "total_tiles": 9,
  "iso_time": "2025-08-12T14:55:25.671943"
}