{
  "timestamp": 1755092891.0162258,
  "success_tiles": 9,
  "total_tiles": 9,
  "iso_time": "2025-08-13T13:48:11.016226"
}