{
  "timestamp": 1755109960.4046881,
  "success_tiles": 9,
  "total_tiles": 9,
  "iso_time": "2025-08-13T18:32:40.404688"
}