{
  "timestamp": 1755057944.1492634,
  "success_tiles": 9,
  "total_tiles": 9,
  "iso_time": "2025-08-13T04:05:44.149263"
}