{
  "timestamp": 1755019199.16032,
  "success_tiles": 9,
  "total_tiles": 9,
  "iso_time": "2025-08-12T17:19:59.160320"
}