{
  "timestamp": 1755024733.78828,
  "success_tiles": 9,
  "total_tiles": 9,
  "iso_time": "2025-08-12T18:52:13.788280"
}