{
  "timestamp": 1755003257.6354046,
  "success_tiles": 9,
  "total_tiles": 9,
  "iso_time": "2025-08-12T12:54:17.635405"
}