{
  "timestamp": 1755037471.6404636,
  "success_tiles": 9,
  "total_tiles": 9,
  "iso_time": "2025-08-12T22:24:31.640464"
}